{
    "school": "PHYSICAL_RANGED",
    "range": 128,
    "learn": {
      "tier": 4
    },
    "cast": {
      "duration": 2.0,
      "animation": "spell_engine:archery_pull",
      "animates_ranged_weapon": true,
      "particles": [
        {
          "particle_id": "spell_engine:snowflake",
          "shape": "PIPE",
          "origin": "CENTER",
          "count": 0.5,
          "min_speed": 0.1,
          "max_speed": 0.2,
          "pre_spawn_travel": 14,
          "invert": true
        }
      ],
      "sound": {
        "id": "archers:bow_pull"
      }
    },
    "release": {
      "target": {
        "type": "PROJECTILE",
        "projectile": {
          "launch_properties": {
            "velocity": 1.8
          },
          "projectile": {
            "homing_angle": 2.0,
            "perks": {
              "pierce": 0
            },
            "client_data": {
              "travel_particles": [
                {
                  "particle_id": "spell_engine:frost_hit",
                  "shape": "LINE",
                  "origin": "CENTER",
                  "rotation": "LOOK",
                  "roll": 10,
                  "count": 20,
                  "min_speed": 0.2,
                  "max_speed": 0.22
                },
                {
                  "particle_id": "spell_engine:frost_hit",
                  "shape": "LINE",
                  "origin": "CENTER",
                  "rotation": "LOOK",
                  "roll_offset": 180,
                  "roll": 10,
                  "count": 20,
                  "min_speed": 0.2,
                  "max_speed": 0.32
                },
                {
                  "particle_id": "spell_engine:snowflake",
                  "shape": "CIRCLE",
                  "rotation": "LOOK",
                  "origin": "CENTER",
                  "count": 10,
                  "min_speed": 0,
                  "max_speed": 0.05
                }
              ],
              "model": {
                "model_id": "archers_expansion:projectile/glacial_arrow",
                "light_emission": "RADIATE",
                "scale": 20.0,
                "light_level": 20
              }
            }
          }
        }
      },
      "animation": "spell_engine:archery_release",
      "sound": {
        "id": "spell_engine:generic_frost_impact"
      }
    },
    "impact": [
    {
        "school": "PHYSICAL_RANGED",
        "action": {
            "type": "DAMAGE",
            "damage": {
            "knockback": 0.0,
            "spell_power_coefficient": 3.0
            }
        }
        },
        {
        "action": {
          "school": "FROST",
          "type": "DAMAGE",
          "damage": {
            "spell_power_coefficient": 2.0,
            "knockback": 0
          }
        },
        "particles": [
          {
            "particle_id": "spell_engine:frost_hit",
            "shape": "CIRCLE",
            "origin": "CENTER",
            "count": 25,
            "min_speed": 0.1,
            "max_speed": 0.35
          },
          {
            "particle_id": "spell_engine:frost_hit",
            "shape": "SPHERE",
            "origin": "FEET",
            "count": 10,
            "min_speed": 0.1,
            "max_speed": 0.35
          }
        ],
        "sound": {
          "id": "archers_expansion:enchanted_crystal_arrow_impact"
        }
      },
      {
        "action": {
          "type": "STATUS_EFFECT",
          "status_effect": {
            "apply_mode": "SET",
            "duration": 2,
            "amplifier": 0,
            "effect_id": "archers_expansion:enchanted_crystal_arrow",
            "show_particles": false
          }
        }
      }
    ],
    "area_impact": {
      "radius": 3,
      "area": {
        "distance_dropoff": "SQUARED"
      },
      "particles": [
        {
          "particle_id": "spell_engine:frost_hit",
          "shape": "SPHERE",
          "origin": "CENTER",
          "count": 25.0,
          "min_speed": 0.8,
          "max_speed": 1.5
        }
      ]
    },
    "cost": {
      "item_id": "arrow",
      "exhaust" : 0.3,
      "cooldown_duration": 60
    }
  }